epoch,acc,loss,lr,val_acc,val_loss
0,1.0,1.8790597915649414,0.0010000000475,0.0,2.3125131130218506
