epoch,acc,loss,lr,val_acc,val_loss
0,0.4738,1.9650857308197021,0.0010000000475,0.57150000000000001,1.6515673738479615
